{"stats":{"minecraft:custom":{"minecraft:time_since_rest":4857,"minecraft:crouch_one_cm":805,"minecraft:sprint_one_cm":3156,"minecraft:play_time":5995,"minecraft:deaths":1,"minecraft:damage_taken":315,"minecraft:walk_one_cm":20968,"minecraft:sneak_time":231,"minecraft:mob_kills":1,"minecraft:drop":1,"minecraft:jump":106,"minecraft:damage_dealt":170,"minecraft:leave_game":1,"minecraft:time_since_death":4817,"minecraft:total_world_time":5995,"minecraft:fall_one_cm":1826,"minecraft:fly_one_cm":8380},"minecraft:killed":{"minecraft:skeleton":1},"minecraft:dropped":{"immersive_melodies:flute":1},"minecraft:picked_up":{"minecraft:bone":1,"minecraft:wheat_seeds":2,"immersive_melodies:flute":1,"minecraft:spruce_log":3},"minecraft:mined":{"minecraft:dead_bush":1,"minecraft:spruce_log":3,"minecraft:fern":3}},"DataVersion":3465}