{"stats":{"minecraft:crafted":{"minecraft:wooden_sword":1,"minecraft:oak_planks":8,"minecraft:crafting_table":1,"minecraft:stick":4},"minecraft:dropped":{"minecraft:enchanted_book":3,"minecraft:iron_ingot":1,"minecraft:anvil":1,"minecraft:wheat_seeds":4,"minecraft:flint_and_steel":1,"minecraft:stick":1,"minecraft:dirt":3,"minecraft:mace":2,"minecraft:trial_key":1,"minecraft:arrow":9,"minecraft:chipped_anvil":2,"minecraft:scaffolding":5,"minecraft:bone":1},"minecraft:killed_by":{"minecraft:player":1,"minecraft:skeleton":1},"minecraft:custom":{"minecraft:mob_kills":129,"minecraft:interact_with_anvil":5,"minecraft:interact_with_crafting_table":1,"minecraft:open_barrel":4,"minecraft:time_since_death":35933,"minecraft:climb_one_cm":4823,"minecraft:damage_resisted":157,"minecraft:time_since_rest":35965,"minecraft:sprint_one_cm":123535,"minecraft:damage_absorbed":115,"minecraft:damage_taken":982,"minecraft:walk_one_cm":102810,"minecraft:drop":16,"minecraft:damage_dealt":9062,"minecraft:swim_one_cm":8591,"minecraft:fly_one_cm":259289,"minecraft:player_kills":1,"minecraft:open_chest":7,"minecraft:crouch_one_cm":6434,"minecraft:play_time":59253,"minecraft:deaths":3,"minecraft:sneak_time":2944,"minecraft:walk_under_water_one_cm":4145,"minecraft:jump":615,"minecraft:walk_on_water_one_cm":15283,"minecraft:total_world_time":59253,"minecraft:fall_one_cm":13069,"minecraft:inspect_dispenser":1},"minecraft:picked_up":{"minecraft:netherite_boots":1,"minecraft:ominous_bottle":2,"minecraft:cooked_beef":1,"minecraft:golden_carrot":3,"minecraft:enchanted_book":3,"minecraft:potion":4,"minecraft:oak_log":2,"minecraft:brick":8,"minecraft:wind_charge":15,"minecraft:netherite_leggings":1,"minecraft:dirt":99,"minecraft:flow_banner_pattern":1,"minecraft:flint_and_steel":1,"minecraft:bone":16,"minecraft:wheat_seeds":15,"minecraft:netherite_sword":1,"minecraft:iron_ingot":2,"minecraft:trial_key":3,"minecraft:enchanted_golden_apple":2,"minecraft:moss_block":1,"minecraft:oak_planks":6,"minecraft:tipped_arrow":8,"minecraft:stick":6,"minecraft:emerald_block":1,"minecraft:dandelion":1,"minecraft:mace":2,"minecraft:end_crystal":1,"minecraft:arrow":46,"minecraft:rotten_flesh":25,"minecraft:slime_ball":51,"minecraft:netherite_helmet":1,"minecraft:diamond_axe":1,"minecraft:breeze_rod":9,"minecraft:emerald":26,"minecraft:bread":8,"minecraft:netherite_chestplate":1,"minecraft:baked_potato":5,"minecraft:obsidian":1,"minecraft:ominous_trial_key":4},"minecraft:mined":{"minecraft:grass_block":4,"minecraft:decorated_pot":1,"minecraft:red_mushroom":1,"minecraft:moss_block":1,"minecraft:light_gray_stained_glass":5,"minecraft:oak_log":2,"minecraft:dirt":7},"minecraft:killed":{"minecraft:bogged":17,"minecraft:cod":5,"minecraft:dolphin":1,"minecraft:slime":53,"minecraft:horse":1,"minecraft:zombie":18,"minecraft:chicken":8,"minecraft:breeze":5,"minecraft:tropical_fish":20},"minecraft:used":{"minecraft:moss_block":1,"minecraft:netherite_sword":133,"minecraft:flint_and_steel":2,"minecraft:trial_key":1,"minecraft:golden_apple":8,"minecraft:dirt":67,"minecraft:anvil":1,"minecraft:crafting_table":1,"minecraft:obsidian":1,"minecraft:ominous_trial_key":4,"minecraft:mace":23,"minecraft:wooden_sword":4,"minecraft:end_crystal":8,"minecraft:ominous_bottle":1,"minecraft:enchanted_golden_apple":2,"minecraft:trial_spawner":7}},"DataVersion":3953}