{"stats":{"minecraft:killed":{"minecraft:skeleton":1},"minecraft:mined":{"minecraft:spruce_log":2,"minecraft:dead_bush":1,"minecraft:fern":3},"minecraft:custom":{"minecraft:jump":54,"minecraft:time_since_rest":297,"minecraft:leave_game":1,"minecraft:deaths":1,"minecraft:damage_dealt":170,"minecraft:crouch_one_cm":133,"minecraft:damage_taken":315,"minecraft:sprint_one_cm":2884,"minecraft:play_time":1435,"minecraft:time_since_death":257,"minecraft:walk_one_cm":5167,"minecraft:sneak_time":76,"minecraft:total_world_time":1435,"minecraft:mob_kills":1,"minecraft:fall_one_cm":1617,"minecraft:fly_one_cm":8141},"minecraft:picked_up":{"minecraft:bone":1,"minecraft:spruce_log":2,"minecraft:wheat_seeds":2}},"DataVersion":3465}