{"stats":{"minecraft:crafted":{"minecraft:wooden_sword":1,"minecraft:oak_planks":8,"minecraft:crafting_table":1,"minecraft:stick":4},"minecraft:custom":{"minecraft:time_since_rest":11253,"minecraft:play_time":11253,"minecraft:crouch_one_cm":762,"minecraft:sprint_one_cm":10206,"minecraft:walk_one_cm":2377,"minecraft:sneak_time":296,"minecraft:jump":90,"minecraft:damage_dealt":10,"minecraft:time_since_death":11253,"minecraft:total_world_time":11253,"minecraft:interact_with_crafting_table":1,"minecraft:fall_one_cm":4087,"minecraft:fly_one_cm":23624},"minecraft:picked_up":{"minecraft:wheat_seeds":3,"minecraft:oak_log":2,"minecraft:dirt":34},"minecraft:mined":{"minecraft:grass_block":4,"minecraft:oak_log":2,"minecraft:dirt":7},"minecraft:used":{"minecraft:dirt":11,"minecraft:crafting_table":1}},"DataVersion":3953}