{"stats":{"minecraft:crafted":{"minecraft:wooden_sword":1,"minecraft:oak_planks":8,"minecraft:crafting_table":1,"minecraft:stick":4},"minecraft:dropped":{"minecraft:enchanted_book":1,"minecraft:iron_ingot":1,"minecraft:anvil":1,"minecraft:wheat_seeds":4,"minecraft:flint_and_steel":1,"minecraft:stick":1,"minecraft:dirt":3,"minecraft:mace":2,"minecraft:trial_key":1,"minecraft:arrow":9,"minecraft:chipped_anvil":2,"minecraft:scaffolding":5,"minecraft:bone":1},"minecraft:killed_by":{"minecraft:player":1,"minecraft:skeleton":1},"minecraft:custom":{"minecraft:mob_kills":118,"minecraft:interact_with_anvil":5,"minecraft:interact_with_crafting_table":1,"minecraft:open_barrel":2,"minecraft:time_since_death":23933,"minecraft:climb_one_cm":3889,"minecraft:damage_resisted":95,"minecraft:time_since_rest":23965,"minecraft:sprint_one_cm":68030,"minecraft:damage_absorbed":78,"minecraft:damage_taken":895,"minecraft:walk_one_cm":75051,"minecraft:drop":14,"minecraft:damage_dealt":6887,"minecraft:fly_one_cm":213077,"minecraft:player_kills":1,"minecraft:open_chest":6,"minecraft:crouch_one_cm":3100,"minecraft:play_time":47253,"minecraft:deaths":3,"minecraft:sneak_time":2049,"minecraft:jump":468,"minecraft:total_world_time":47253,"minecraft:fall_one_cm":8481},"minecraft:picked_up":{"minecraft:netherite_boots":1,"minecraft:cooked_beef":1,"minecraft:golden_carrot":2,"minecraft:enchanted_book":1,"minecraft:potion":4,"minecraft:oak_log":2,"minecraft:brick":8,"minecraft:netherite_leggings":1,"minecraft:dirt":42,"minecraft:flint_and_steel":1,"minecraft:bone":12,"minecraft:wheat_seeds":15,"minecraft:netherite_sword":1,"minecraft:iron_ingot":2,"minecraft:trial_key":3,"minecraft:moss_block":1,"minecraft:oak_planks":6,"minecraft:tipped_arrow":7,"minecraft:stick":6,"minecraft:dandelion":1,"minecraft:mace":2,"minecraft:end_crystal":1,"minecraft:arrow":40,"minecraft:rotten_flesh":19,"minecraft:slime_ball":51,"minecraft:netherite_helmet":1,"minecraft:breeze_rod":5,"minecraft:bread":8,"minecraft:netherite_chestplate":1,"minecraft:baked_potato":5,"minecraft:obsidian":1,"minecraft:ominous_trial_key":1},"minecraft:mined":{"minecraft:grass_block":4,"minecraft:decorated_pot":1,"minecraft:red_mushroom":1,"minecraft:moss_block":1,"minecraft:oak_log":2,"minecraft:dirt":7},"minecraft:killed":{"minecraft:bogged":14,"minecraft:cod":5,"minecraft:dolphin":1,"minecraft:slime":53,"minecraft:horse":1,"minecraft:zombie":12,"minecraft:chicken":8,"minecraft:breeze":3,"minecraft:tropical_fish":20},"minecraft:used":{"minecraft:moss_block":1,"minecraft:netherite_sword":102,"minecraft:flint_and_steel":2,"minecraft:trial_key":1,"minecraft:dirt":41,"minecraft:anvil":1,"minecraft:crafting_table":1,"minecraft:obsidian":1,"minecraft:mace":23,"minecraft:wooden_sword":4,"minecraft:end_crystal":8,"minecraft:ominous_bottle":1,"minecraft:enchanted_golden_apple":1,"minecraft:trial_spawner":7}},"DataVersion":3953}