{"stats":{"minecraft:crafted":{"minecraft:wooden_sword":1,"minecraft:oak_planks":8,"minecraft:crafting_table":1,"minecraft:stick":4},"minecraft:dropped":{"minecraft:enchanted_book":1,"minecraft:iron_ingot":1,"minecraft:dirt":3,"minecraft:anvil":1,"minecraft:mace":2,"minecraft:wheat_seeds":4,"minecraft:trial_key":1,"minecraft:arrow":9,"minecraft:chipped_anvil":2,"minecraft:scaffolding":5,"minecraft:bone":1,"minecraft:flint_and_steel":1,"minecraft:stick":1},"minecraft:killed_by":{"minecraft:player":1,"minecraft:skeleton":1},"minecraft:custom":{"minecraft:time_since_rest":11965,"minecraft:sprint_one_cm":24491,"minecraft:damage_taken":719,"minecraft:walk_one_cm":30649,"minecraft:interact_with_anvil":5,"minecraft:mob_kills":40,"minecraft:drop":14,"minecraft:damage_dealt":1412,"minecraft:interact_with_crafting_table":1,"minecraft:fly_one_cm":181750,"minecraft:player_kills":1,"minecraft:open_barrel":2,"minecraft:open_chest":3,"minecraft:crouch_one_cm":2857,"minecraft:play_time":35253,"minecraft:deaths":3,"minecraft:sneak_time":1865,"minecraft:jump":255,"minecraft:time_since_death":11933,"minecraft:climb_one_cm":826,"minecraft:total_world_time":35253,"minecraft:fall_one_cm":5348},"minecraft:picked_up":{"minecraft:netherite_boots":1,"minecraft:stick":6,"minecraft:dandelion":1,"minecraft:enchanted_book":1,"minecraft:oak_log":2,"minecraft:mace":2,"minecraft:end_crystal":1,"minecraft:netherite_leggings":1,"minecraft:dirt":42,"minecraft:flint_and_steel":1,"minecraft:bone":2,"minecraft:arrow":20,"minecraft:rotten_flesh":12,"minecraft:netherite_helmet":1,"minecraft:wheat_seeds":15,"minecraft:netherite_sword":1,"minecraft:iron_ingot":1,"minecraft:trial_key":3,"minecraft:bread":8,"minecraft:netherite_chestplate":1,"minecraft:obsidian":1,"minecraft:oak_planks":6},"minecraft:mined":{"minecraft:grass_block":4,"minecraft:oak_log":2,"minecraft:dirt":7},"minecraft:used":{"minecraft:mace":23,"minecraft:flint_and_steel":2,"minecraft:trial_key":1,"minecraft:wooden_sword":4,"minecraft:dirt":41,"minecraft:anvil":1,"minecraft:end_crystal":8,"minecraft:crafting_table":1,"minecraft:obsidian":1,"minecraft:trial_spawner":7},"minecraft:killed":{"minecraft:horse":1,"minecraft:zombie":4,"minecraft:chicken":8,"minecraft:cod":5,"minecraft:dolphin":1,"minecraft:tropical_fish":20}},"DataVersion":3953}