{"stats":{"minecraft:custom":{"minecraft:time_since_rest":80,"minecraft:damage_taken":495,"minecraft:crouch_one_cm":309,"minecraft:play_time":11922,"minecraft:sprint_one_cm":21761,"minecraft:walk_one_cm":10785,"minecraft:deaths":2,"minecraft:sneak_time":227,"minecraft:mob_kills":3,"minecraft:jump":208,"minecraft:damage_dealt":510,"minecraft:leave_game":2,"minecraft:time_since_death":0,"minecraft:total_world_time":11922,"minecraft:interact_with_crafting_table":2,"minecraft:fall_one_cm":6179,"minecraft:fly_one_cm":29832},"minecraft:killed_by":{"minecraft:creeper":1},"minecraft:used":{"minecraft:stone_sword":5,"minecraft:dirt":4,"minecraft:crafting_table":1,"minecraft:wooden_pickaxe":6},"minecraft:picked_up":{"minecraft:arrow":4,"minecraft:bone":3,"minecraft:wheat_seeds":1,"minecraft:spruce_log":3,"minecraft:dirt":27,"minecraft:cobblestone":6},"minecraft:crafted":{"minecraft:stone_sword":1,"minecraft:crafting_table":1,"minecraft:spruce_planks":12,"minecraft:stick":8,"minecraft:wooden_pickaxe":1},"minecraft:mined":{"minecraft:large_fern":3,"minecraft:grass":1,"minecraft:grass_block":1,"minecraft:dirt":6,"minecraft:spruce_leaves":3,"minecraft:spruce_log":3,"minecraft:stone":6},"minecraft:killed":{"minecraft:skeleton":3}},"DataVersion":3465}