{"stats":{"minecraft:crafted":{"minecraft:oak_planks":4,"minecraft:stick":4},"minecraft:dropped":{"minecraft:dirt":3,"minecraft:mace":1,"minecraft:wheat_seeds":6,"minecraft:oak_planks":2,"minecraft:stick":1},"minecraft:killed_by":{"minecraft:player":1},"minecraft:custom":{"minecraft:time_since_rest":11762,"minecraft:sprint_one_cm":10266,"minecraft:damage_taken":460,"minecraft:walk_one_cm":27789,"minecraft:mob_kills":17,"minecraft:drop":13,"minecraft:damage_dealt":3221,"minecraft:swim_one_cm":3179,"minecraft:player_kills":1,"minecraft:fly_one_cm":101038,"minecraft:open_chest":2,"minecraft:crouch_one_cm":135,"minecraft:play_time":12306,"minecraft:deaths":1,"minecraft:sneak_time":603,"minecraft:walk_under_water_one_cm":5127,"minecraft:jump":187,"minecraft:time_since_death":11718,"minecraft:walk_on_water_one_cm":5690,"minecraft:total_world_time":12306,"minecraft:fall_one_cm":4335},"minecraft:picked_up":{"minecraft:stick":9,"minecraft:gravel":5,"minecraft:porkchop":3,"minecraft:oak_log":1,"minecraft:mace":2,"minecraft:dirt":112,"minecraft:wooden_sword":1,"minecraft:flint_and_steel":1,"minecraft:tnt":4,"minecraft:bone":8,"minecraft:arrow":5,"minecraft:rotten_flesh":7,"minecraft:wheat_seeds":6,"minecraft:cobbled_deepslate":11,"minecraft:oak_planks":2,"minecraft:cobblestone":9},"minecraft:mined":{"minecraft:tnt":4,"minecraft:short_grass":3,"minecraft:oak_log":1,"minecraft:grass_block":4,"minecraft:dirt":2},"minecraft:killed":{"minecraft:skeleton":9,"minecraft:zombie":5,"minecraft:pig":2},"minecraft:used":{"minecraft:wandering_trader_spawn_egg":1,"minecraft:netherite_sword":34,"minecraft:mace":5,"minecraft:zombie_spawn_egg":3,"minecraft:wooden_sword":9,"minecraft:dirt":2,"minecraft:cobblestone":2,"minecraft:skeleton_spawn_egg":2,"minecraft:end_crystal":3,"minecraft:tnt":4,"minecraft:porkchop":2,"minecraft:trial_spawner":6,"minecraft:obsidian":6}},"DataVersion":3953}