{"stats":{"minecraft:crafted":{"minecraft:oak_planks":4,"minecraft:stick":4},"minecraft:dropped":{"minecraft:dirt":60,"minecraft:mace":1,"minecraft:wheat_seeds":6,"minecraft:oak_planks":2,"minecraft:ominous_trial_key":3,"minecraft:wind_charge":3,"minecraft:red_mushroom":1,"minecraft:stick":1},"minecraft:killed_by":{"minecraft:player":1},"minecraft:custom":{"minecraft:time_since_rest":47762,"minecraft:damage_absorbed":375,"minecraft:sprint_one_cm":127136,"minecraft:damage_taken":690,"minecraft:walk_one_cm":103644,"minecraft:mob_kills":71,"minecraft:drop":77,"minecraft:damage_dealt":7663,"minecraft:swim_one_cm":4895,"minecraft:player_kills":1,"minecraft:fly_one_cm":215488,"minecraft:open_chest":3,"minecraft:crouch_one_cm":1509,"minecraft:play_time":48306,"minecraft:deaths":1,"minecraft:sneak_time":1475,"minecraft:walk_under_water_one_cm":11219,"minecraft:jump":599,"minecraft:time_since_death":47718,"minecraft:walk_on_water_one_cm":9343,"minecraft:climb_one_cm":4350,"minecraft:total_world_time":48306,"minecraft:damage_resisted":130,"minecraft:fall_one_cm":10809},"minecraft:picked_up":{"minecraft:tipped_arrow":5,"minecraft:stick":9,"minecraft:red_mushroom":2,"minecraft:gravel":5,"minecraft:enchanted_book":2,"minecraft:porkchop":3,"minecraft:oak_log":1,"minecraft:mace":2,"minecraft:wind_charge":10,"minecraft:dirt":115,"minecraft:slime_ball":29,"minecraft:wooden_sword":1,"minecraft:flint_and_steel":1,"minecraft:tnt":4,"minecraft:bone":25,"minecraft:arrow":19,"minecraft:rotten_flesh":7,"minecraft:diamond":3,"minecraft:wheat_seeds":6,"minecraft:cobbled_deepslate":11,"minecraft:crossbow":1,"minecraft:breeze_rod":5,"minecraft:trial_key":1,"minecraft:emerald":4,"minecraft:baked_potato":3,"minecraft:ominous_trial_key":4,"minecraft:oak_planks":2,"minecraft:cobblestone":9},"minecraft:mined":{"minecraft:tnt":4,"minecraft:short_grass":3,"minecraft:oak_log":1,"minecraft:grass_block":4,"minecraft:dirt":5},"minecraft:killed":{"minecraft:skeleton":9,"minecraft:zombie":5,"minecraft:pig":2,"minecraft:bogged":16,"minecraft:breeze":4,"minecraft:slime":33},"minecraft:used":{"minecraft:wandering_trader_spawn_egg":1,"minecraft:netherite_sword":128,"minecraft:ominous_trial_key":1,"minecraft:mace":8,"minecraft:wind_charge":13,"minecraft:netherite_axe":19,"minecraft:zombie_spawn_egg":3,"minecraft:deepslate":7,"minecraft:golden_apple":2,"minecraft:torch":18,"minecraft:bedrock":5,"minecraft:wooden_sword":9,"minecraft:dirt":57,"minecraft:cobblestone":2,"minecraft:skeleton_spawn_egg":2,"minecraft:ominous_bottle":1,"minecraft:end_crystal":3,"minecraft:tnt":4,"minecraft:porkchop":2,"minecraft:enchanted_golden_apple":3,"minecraft:trial_spawner":6,"minecraft:obsidian":6}},"DataVersion":3953}