{"stats":{"minecraft:used":{"minecraft:stone_sword":5,"minecraft:dirt":4,"minecraft:skeleton_spawn_egg":1,"minecraft:crafting_table":1,"minecraft:wooden_pickaxe":6},"minecraft:custom":{"minecraft:time_since_rest":5884,"minecraft:damage_taken":495,"minecraft:crouch_one_cm":309,"minecraft:play_time":17726,"minecraft:sprint_one_cm":22193,"minecraft:walk_one_cm":22312,"minecraft:deaths":2,"minecraft:sneak_time":241,"minecraft:mob_kills":4,"minecraft:drop":3,"minecraft:jump":239,"minecraft:damage_dealt":550,"minecraft:leave_game":2,"minecraft:time_since_death":5648,"minecraft:total_world_time":17726,"minecraft:interact_with_crafting_table":2,"minecraft:fall_one_cm":6597,"minecraft:fly_one_cm":31782},"minecraft:killed":{"minecraft:skeleton":3,"minecraft:zombie":1},"minecraft:dropped":{"minecraft:rotten_flesh":2,"immersive_melodies:bagpipe":1},"minecraft:picked_up":{"minecraft:arrow":4,"minecraft:bone":3,"minecraft:rotten_flesh":2,"minecraft:wheat_seeds":1,"minecraft:spruce_log":3,"minecraft:dirt":27,"minecraft:cobblestone":6},"minecraft:mined":{"minecraft:large_fern":3,"minecraft:grass":1,"minecraft:grass_block":1,"minecraft:dirt":6,"minecraft:spruce_leaves":3,"minecraft:spruce_log":3,"minecraft:stone":6},"minecraft:crafted":{"minecraft:stone_sword":1,"minecraft:crafting_table":1,"minecraft:spruce_planks":12,"minecraft:stick":8,"minecraft:wooden_pickaxe":1},"minecraft:killed_by":{"minecraft:creeper":1}},"DataVersion":3465}