{"stats":{"minecraft:crafted":{"minecraft:oak_planks":4,"minecraft:stick":4},"minecraft:dropped":{"minecraft:dirt":3,"minecraft:mace":1,"minecraft:wheat_seeds":6,"minecraft:oak_planks":2,"minecraft:red_mushroom":1,"minecraft:stick":1},"minecraft:killed_by":{"minecraft:player":1},"minecraft:custom":{"minecraft:time_since_rest":35762,"minecraft:damage_absorbed":359,"minecraft:sprint_one_cm":64038,"minecraft:damage_taken":601,"minecraft:walk_one_cm":79648,"minecraft:mob_kills":60,"minecraft:drop":14,"minecraft:damage_dealt":5708,"minecraft:swim_one_cm":3179,"minecraft:player_kills":1,"minecraft:fly_one_cm":151417,"minecraft:open_chest":3,"minecraft:crouch_one_cm":1062,"minecraft:play_time":36306,"minecraft:deaths":1,"minecraft:sneak_time":1172,"minecraft:walk_under_water_one_cm":5127,"minecraft:jump":411,"minecraft:time_since_death":35718,"minecraft:walk_on_water_one_cm":5936,"minecraft:climb_one_cm":2909,"minecraft:total_world_time":36306,"minecraft:damage_resisted":104,"minecraft:fall_one_cm":6118},"minecraft:picked_up":{"minecraft:tipped_arrow":3,"minecraft:stick":9,"minecraft:red_mushroom":2,"minecraft:gravel":5,"minecraft:porkchop":3,"minecraft:oak_log":1,"minecraft:mace":2,"minecraft:dirt":115,"minecraft:slime_ball":29,"minecraft:wooden_sword":1,"minecraft:flint_and_steel":1,"minecraft:tnt":4,"minecraft:bone":18,"minecraft:arrow":13,"minecraft:rotten_flesh":7,"minecraft:wheat_seeds":6,"minecraft:cobbled_deepslate":11,"minecraft:breeze_rod":2,"minecraft:baked_potato":3,"minecraft:ominous_trial_key":2,"minecraft:oak_planks":2,"minecraft:cobblestone":9},"minecraft:mined":{"minecraft:tnt":4,"minecraft:short_grass":3,"minecraft:oak_log":1,"minecraft:grass_block":4,"minecraft:dirt":5},"minecraft:killed":{"minecraft:skeleton":9,"minecraft:zombie":5,"minecraft:pig":2,"minecraft:bogged":7,"minecraft:breeze":2,"minecraft:slime":33},"minecraft:used":{"minecraft:wandering_trader_spawn_egg":1,"minecraft:netherite_sword":98,"minecraft:mace":5,"minecraft:netherite_axe":19,"minecraft:zombie_spawn_egg":3,"minecraft:deepslate":7,"minecraft:golden_apple":2,"minecraft:torch":18,"minecraft:bedrock":5,"minecraft:wooden_sword":9,"minecraft:dirt":32,"minecraft:cobblestone":2,"minecraft:skeleton_spawn_egg":2,"minecraft:ominous_bottle":1,"minecraft:end_crystal":3,"minecraft:tnt":4,"minecraft:porkchop":2,"minecraft:enchanted_golden_apple":3,"minecraft:trial_spawner":6,"minecraft:obsidian":6}},"DataVersion":3953}